name,comment,category,host,port,protocol,payload_hex
Apple device activation TCP 443,Device activation and setup.,Mac Setup,albert.apple.com,443,TCP,
Captive portal connectivity check TCP 443,Apple captive-portal connectivity validation.,Mac Setup,captive.apple.com,443,TCP,
Captive portal connectivity check TCP 80,Apple captive-portal connectivity validation.,Mac Setup,captive.apple.com,80,TCP,
Apple software and device services TCP 443 / Apple software updates TCP 443,Apple device setup and software services. Apple OS install and update service.,Mac Setup / Mac Software Updates,gs.apple.com,443,TCP,
Apple software and device services TCP 80 / Apple software updates TCP 80,Apple device setup and software services. Apple OS install and update service.,Mac Setup / Mac Software Updates,gs.apple.com,80,TCP,
Apple setup service TCP 443,Listed by Apple for macOS setup.,Mac Setup,humb.apple.com,443,TCP,
Apple static IP service TCP 443,Apple setup and connectivity service.,Mac Setup,static.ips.apple.com,443,TCP,
Apple static IP service TCP 80,Apple setup and connectivity service.,Mac Setup,static.ips.apple.com,80,TCP,
Apple setup service TCP 443,Apple device setup service.,Mac Setup,tbsc.apple.com,443,TCP,
Apple network time,"NTP destination listed for macOS. Generic UDP probe only; this is not a protocol-specific request, and silence is inconclusive.",Mac Setup,time.apple.com,123,UDP,
macOS network time,"macOS-specific NTP destination. Generic UDP probe only; this is not a protocol-specific request, and silence is inconclusive.",Mac Setup,time-macos.apple.com,123,UDP,
Device enrollment TCP 443,Device enrollment service.,Mac Management,deviceenrollment.apple.com,443,TCP,
Managed-device services TCP 443,Managed-device activation-lock service.,Mac Management,deviceservices-external.apple.com,443,TCP,
Managed software update catalog TCP 443 / Software update catalog TCP 443,Managed software update catalog. Software update catalog; also used by Mac management.,Mac Management / Mac Software Updates,gdmf.apple.com,443,TCP,
Apple Push certificate portal TCP 443,APNS certificate portal.,Mac Management,identity.apple.com,443,TCP,
Enrollment profiles TCP 443,Enrollment profiles for Apple Business/School Manager.,Mac Management,iprofiles.apple.com,443,TCP,
MDM enrollment TCP 443,Device-management enrollment and lookup service.,Mac Management,mdmenrollment.apple.com,443,TCP,
Apps and Books licensing TCP 443,Apps and Books license assignment/revocation.,Mac Management,vpp.itunes.apple.com,443,TCP,
Account-based enrollment discovery TCP 443,Account-based enrollment service discovery.,Mac Management,axm-servicediscovery.apple.com,443,TCP,
Apple Business enrollment TCP 443,Apple Business device enrollment.,Mac Management,axm-adm-enroll.apple.com,443,TCP,
Apple Business MDM TCP 443,Apple Business device-management service.,Mac Management,axm-adm-mdm.apple.com,443,TCP,
Apple Business SCEP TCP 443,Apple Business certificate enrollment.,Mac Management,axm-adm-scep.apple.com,443,TCP,
Apple Business app management TCP 443,View and manage apps and devices.,Mac Management,axm-app.apple.com,443,TCP,
Custom package icons TCP 443,Custom package icons for macOS.,Mac Management,icons.axm-usercontent-apple.com,443,TCP,
Education content verification TCP 443,Education service; macOS is listed as a supported platform.,Mac Education Services,s.mzstatic.com,443,TCP,
Education app verification TCP 443,Education service; macOS is listed as a supported platform.,Mac Education Services,play.itunes.apple.com,443,TCP,
Managed-user lookup TCP 443,Education service; macOS is listed as a supported platform.,Mac Education Services,ws-ee-maidsvc.icloud.com,443,TCP,
School roster service TCP 443,Education service; macOS is listed as a supported platform.,Mac Education Services,ws.school.apple.com,443,TCP,
Rosetta 2 updates TCP 443,macOS Rosetta 2 updates.,Mac Software Updates,configuration.apple.com,443,TCP,
Apple software updates TCP 443,Apple OS software update service.,Mac Software Updates,gg.apple.com,443,TCP,
Apple software updates TCP 80,Apple OS software update service.,Mac Software Updates,gg.apple.com,80,TCP,
macOS updates TCP 443,macOS update service.,Mac Software Updates,ig.apple.com,443,TCP,
Software update catalog TCP 443,Apple software update catalogs.,Mac Software Updates,mesu.apple.com,443,TCP,
Software update catalog TCP 80,Apple software update catalogs.,Mac Software Updates,mesu.apple.com,80,TCP,
macOS Recovery downloads TCP 443,macOS Recovery content.,Mac Software Updates,oscdn.apple.com,443,TCP,
macOS Recovery downloads TCP 80,macOS Recovery content.,Mac Software Updates,oscdn.apple.com,80,TCP,
macOS Recovery TCP 443,macOS Recovery service.,Mac Software Updates,osrecovery.apple.com,443,TCP,
macOS Recovery TCP 80,macOS Recovery service.,Mac Software Updates,osrecovery.apple.com,80,TCP,
macOS updates TCP 443,macOS update service.,Mac Software Updates,skl.apple.com,443,TCP,
macOS update CDN TCP 443,macOS software update content.,Mac Software Updates,swcdn.apple.com,443,TCP,
macOS update CDN TCP 80,macOS software update content.,Mac Software Updates,swcdn.apple.com,80,TCP,
macOS distribution TCP 443,macOS software distribution.,Mac Software Updates,swdist.apple.com,443,TCP,
macOS downloads TCP 443,macOS software downloads.,Mac Software Updates,swdownload.apple.com,443,TCP,
macOS downloads TCP 80,macOS software downloads.,Mac Software Updates,swdownload.apple.com,80,TCP,
macOS update scan TCP 443,macOS software update scan.,Mac Software Updates,swscan.apple.com,443,TCP,
Software update downloads TCP 80,Software update content delivery.,Mac Software Updates,updates-http.cdn-apple.com,80,TCP,
Software update downloads TCP 443,Software update content delivery.,Mac Software Updates,updates.cdn-apple.com,443,TCP,
Apple update service TCP 443,Apple software update service.,Mac Software Updates,xp.apple.com,443,TCP,
Supplemental update catalog TCP 443,Supplemental software update catalog.,Mac Software Updates,gdmf-ados.apple.com,443,TCP,
Supplemental OS updates TCP 443,Supplemental operating system updates.,Mac Software Updates,gsra.apple.com,443,TCP,
Attached-device macOS installation TCP 443,Install macOS on an attached device.,Mac Software Updates,wkms-public.apple.com,443,TCP,
Attached-device installation keys TCP 443,Keys for operating system installation on an attached device.,Mac Software Updates,fcs-keys-pub-prod.cdn-apple.com,443,TCP,
Mac app catalog TCP 443,Mac apps and store content.,Mac Apps and Developer Services,itunes.apple.com,443,TCP,
Mac app catalog TCP 80,Mac apps and store content.,Mac Apps and Developer Services,itunes.apple.com,80,TCP,
App notarization TCP 443,Apple lists this host for app notarization.,Mac Apps and Developer Services,api.apple-cloudkit.com,443,TCP,
Safari safe browsing TCP 443,Safari fraudulent-site warnings.,Mac Apps and Developer Services,token.safebrowsing.apple,443,TCP,
GarageBand content TCP 443,Downloadable GarageBand content.,Mac Apps and Developer Services,audiocontentdownload.apple.com,443,TCP,
GarageBand content TCP 80,Downloadable GarageBand content.,Mac Apps and Developer Services,audiocontentdownload.apple.com,80,TCP,
Xcode components TCP 443,Downloadable Xcode components.,Mac Apps and Developer Services,devimages-cdn.apple.com,443,TCP,
Xcode components TCP 80,Downloadable Xcode components.,Mac Apps and Developer Services,devimages-cdn.apple.com,80,TCP,
Developer downloads TCP 443,Apple developer downloads.,Mac Apps and Developer Services,download.developer.apple.com,443,TCP,
Developer downloads TCP 80,Apple developer downloads.,Mac Apps and Developer Services,download.developer.apple.com,80,TCP,
Swift Playgrounds assets TCP 443,Swift Playgrounds assets; macOS is listed.,Mac Apps and Developer Services,playground-assets-cdn.apple.com,443,TCP,
Swift Playgrounds content TCP 443,Swift Playgrounds content; macOS is listed.,Mac Apps and Developer Services,playground-cdn.apple.com,443,TCP,
CloudKit and security content TCP 443 / CloudKit and security content UDP,"CloudKit content, including XProtect updates and Voice Control resources. Apple lists TCP and UDP for this endpoint.",Mac Apps and Developer Services,gateway.icloud.com,443,TCP,
Beta software enrollment TCP 443,Apple beta software enrollment.,"Mac Trust, DNS and Diagnostics",bpapi.apple.com,443,TCP,
Feedback Assistant upload TCP 443,Feedback Assistant file upload.,"Mac Trust, DNS and Diagnostics",cssubmissions.apple.com,443,TCP,
Feedback Assistant services TCP 443,Feedback Assistant classification and display.,"Mac Trust, DNS and Diagnostics",fba.apple.com,443,TCP,
Apple hardware diagnostics TCP 443,Apple hardware diagnostic assets.,"Mac Trust, DNS and Diagnostics",diagassets.apple.com,443,TCP,
Apple DNS over HTTPS TCP 443,Encrypted DNS over HTTPS endpoint.,"Mac Trust, DNS and Diagnostics",doh.dns.apple.com,443,TCP,
Apple certificate validation TCP 80,Certificate validation endpoint.,"Mac Trust, DNS and Diagnostics",certs.apple.com,80,TCP,
Apple certificate validation TCP 443,Certificate validation endpoint.,"Mac Trust, DNS and Diagnostics",certs.apple.com,443,TCP,
Apple certificate revocation TCP 80,Certificate revocation list.,"Mac Trust, DNS and Diagnostics",crl.apple.com,80,TCP,
DigiCert certificate revocation TCP 80,Certificate revocation list.,"Mac Trust, DNS and Diagnostics",crl3.digicert.com,80,TCP,
DigiCert certificate revocation TCP 80,Certificate revocation list.,"Mac Trust, DNS and Diagnostics",crl4.digicert.com,80,TCP,
Apple OCSP TCP 80,Certificate status validation.,"Mac Trust, DNS and Diagnostics",ocsp.apple.com,80,TCP,
DigiCert China OCSP TCP 80,Certificate status validation for China.,"Mac Trust, DNS and Diagnostics",ocsp.digicert.cn,80,TCP,
DigiCert OCSP TCP 80,Certificate status validation.,"Mac Trust, DNS and Diagnostics",ocsp.digicert.com,80,TCP,
Apple OCSP over TLS TCP 443,Certificate status validation.,"Mac Trust, DNS and Diagnostics",ocsp2.apple.com,443,TCP,
Apple certificate validation TCP 80,Certificate validation endpoint.,"Mac Trust, DNS and Diagnostics",valid.apple.com,80,TCP,
Apple certificate validation TCP 443,Certificate validation endpoint.,"Mac Trust, DNS and Diagnostics",valid.apple.com,443,TCP,
Apple Account authentication TCP 443,Sign in to Apple Account in System Settings.,Mac iCloud Services,account.apple.com,443,TCP,
Apple Account CDN TCP 443,Apple Account authentication.,Mac iCloud Services,appleid.cdn-apple.com,443,TCP,
Apple Account authentication TCP 443,Apple Account authentication.,Mac iCloud Services,idmsa.apple.com,443,TCP,
Apple Account authentication TCP 443,Apple Account authentication.,Mac iCloud Services,gsa.apple.com,443,TCP,
iCloud Private Relay,"Apple lists UDP/443 for iCloud Private Relay. Generic UDP probe only; this is not a protocol-specific request, and silence is inconclusive.",Mac iCloud Services,mask.icloud.com,443,UDP,
iCloud Private Relay TCP 443,iCloud Private Relay over TCP.,Mac iCloud Services,mask-h2.icloud.com,443,TCP,
iCloud Private Relay API TCP 443,iCloud Private Relay API.,Mac iCloud Services,mask-api.icloud.com,443,TCP,
iCloud connectivity probe TCP 443 / iCloud connectivity probe UDP,iCloud connectivity test endpoint.,Mac iCloud Services,probe.icloud.com,443,TCP,
iCloud connectivity probe TCP 443 / iCloud connectivity probe UDP,iCloud connectivity test endpoint.,Mac iCloud Services,pong.icloud.com,443,TCP,
iCloud diagnostics TCP 443 / iCloud diagnostics UDP,iCloud device diagnostics.,Mac iCloud Services,metrics.icloud.com,443,TCP,
Apple RCS relay TCP 443 / Apple RCS relay UDP,Apple RCS relay endpoint.,Mac iCloud Services,apple-native-relay.apple.com,443,TCP,
Siri and dictation TCP 443,Siri and dictation requests.,Mac Siri and Intelligence,guzzoni.apple.com,443,TCP,
Private Cloud Compute relay TCP 443 / Private Cloud Compute relay UDP,Apple Intelligence Private Cloud Compute.,Mac Siri and Intelligence,apple-relay.cloudflare.com,443,TCP,
Private Cloud Compute relay TCP 443 / Private Cloud Compute relay UDP,Apple Intelligence Private Cloud Compute.,Mac Siri and Intelligence,apple-relay.fastly-edge.com,443,TCP,
Private Cloud Compute relay TCP 443 / Private Cloud Compute relay UDP,Apple Intelligence Private Cloud Compute.,Mac Siri and Intelligence,cp4.cloudflare.com,443,TCP,
Apple Intelligence relay TCP 443 / Apple Intelligence relay UDP,Apple Intelligence extensions.,Mac Siri and Intelligence,apple-relay.apple.com,443,TCP,
Associated domains TCP 443 / Associated domains UDP,Universal Links and associated domains.,Mac Siri and Intelligence,app-site-association.cdn-apple.com,443,TCP,
Associated domains TCP 443 / Associated domains UDP,Universal Links and associated domains.,Mac Siri and Intelligence,app-site-association.networking.apple,443,TCP,
